0.08798219831228818,-0.36227717094263034,0.9279086076731594
0.12979603194145878,-0.3549875699686196,0.9258168367771382
0.08156236776563533,-0.35076845846098265,0.9329035688180044
0.0935146058452068,-0.35760931417654773,0.9291773764506941
0.10194328620447969,-0.36172554854793865,0.9266942289264158
0.10223332502418812,-0.3613148745976585,0.9268224795768482
0.07222249349845586,-0.3311965631179634,0.9407936798319355
0.1038125459460629,-0.36281814701064385,0.9260593649998684
0.08710416500796161,-0.37599264754507955,0.9225195897271273
0.0673618673331755,-0.36069157531571716,0.9302494108171496
0.0739076422818834,-0.35054502429699214,0.9336251101769673
0.07720728472935401,-0.3631562885934869,0.9285238528113989
0.08546033329940952,-0.3884920479917301,0.9174804957488444
0.11329576924261464,-0.36953332024285085,0.9222847683346066
0.07715914312587371,-0.3714239474868737,0.925251705140471
0.07560805282467484,-0.37994425733341475,0.9219141953931619
0.06968776469492283,-0.3760016664082661,0.9239947847850831
0.06609888159707997,-0.38950700750828743,0.9186485883914229
0.08142794385711091,-0.38516741094104073,0.9192472765845862
0.08621952766201674,-0.3562959426380782,0.9303866907417485
0.12168611141712396,-0.38034214267912486,0.916805510885723
0.1241269562688416,-0.3653842431143651,0.9225436865597074
0.10490210222230871,-0.38662091990038294,0.916253138190927
0.07028125694523055,-0.37968085243362415,0.9224440336505381
0.1002345525137334,-0.38325794679454955,0.918186462926348
0.10383905865391652,-0.3568332216043491,0.9283789645706811
0.09181001279864544,-0.37708470883876466,0.9216170809560208
0.09318089873729082,-0.3813349327568118,0.9197287584771222
0.13616137390421415,-0.3557769415440013,0.9245987497948032
0.07287081404449926,-0.3588568611966399,0.9305437107587088
0.14136881886946095,-0.364221023503321,0.9205204522929661
0.10024498687012566,-0.36953038536456223,0.9237955601212459
0.11083679664816529,-0.3559759709047869,0.9278988698382855
0.1120757627684514,-0.34943328075582053,0.9302340596323561
0.06396048748455169,-0.3452768808654566,0.9363188194095854
0.034260047467064236,-0.3521863163717458,0.9353026503266497
0.09134833456730365,-0.3353742222042154,0.9376457821868008
0.1020447623902073,-0.33639839686738565,0.9361746552079794
-0.006586981231608877,-0.28374292741958024,0.9588777621874549
-0.0017146753037582951,-0.2594725569071419,0.9657489591507064
0.013418093319135613,-0.2844364956559339,0.9586009778373121
0.017158667938738485,-0.2858409066654887,0.9581234556106115
-0.04940420712940434,-0.2529905877290833,0.9662064928566813
-0.053627922811829765,-0.25719253107080936,0.9648710006297625
-0.11453895686167657,-0.2387609102603338,0.9642997744958234
-0.14454472373606955,-0.22093066385669716,0.9645187735901787
-0.12025642067697448,-0.22741023522296092,0.9663451651463881
-0.15626750611182816,-0.1958445260422655,0.9681040172176077
-0.20245070410460927,-0.1788819550952019,0.9628161603072863
-0.18918316018132733,-0.16150991945713025,0.9685681585829453
-0.1798799766096926,-0.15901098299524016,0.9707516166877004
-0.21113431573308716,-0.18137106192999766,0.960482607137842
-0.23821762888013384,-0.1490943834272247,0.9596995499223612
-0.14588547894445103,-0.14918585665953651,0.9779882449221505
-0.14429719396988322,-0.1130598033279065,0.983054322346366
-0.09676506360221687,-0.1313856507875984,0.9865973511180628
-0.1036639991554731,-0.11504942232769858,0.9879359319820071
-0.08809217782177148,-0.10473431473701066,0.9905909809417741
-0.14140531870747,-0.10915916301169348,0.9839150435743044
-0.13732902736513414,-0.1144338681256162,0.9838930978865312
-0.07588523825269038,-0.11094573203645233,0.9909250603139614
-0.08830294900741845,-0.09948154853973715,0.9911135205902143
-0.037418506277159994,-0.05934582763502164,0.9975359282403318
-0.06050948917579551,-0.08080737729993548,0.9948913355204125
-0.04262657763612206,-0.07040075536073899,0.9966076000732028
0.019080390624682562,-0.10482217869054766,0.9943079249146999
0.06458127031440682,-0.12402260372891546,0.9901755669015864
0.0785124489702786,-0.10111465443645762,0.9917719606920157
0.10997738317096818,-0.06004633118449563,0.9921186488027266
0.11180495540877373,-0.08199981987273765,0.9903411944814174
0.1022675612108975,-0.07892182855149044,0.9916212436722321
0.09337636562607612,-0.05180935972820594,0.9942819743850427
0.13916403184275977,-0.054626126368964405,0.9887615276492049
0.07694051594771983,-0.07948231995005985,0.9938625246084365
0.05137004501861235,-0.09660246754416892,0.9939965199834271
0.09082935010263685,-0.10549995459049297,0.9902624847692336
0.11665080292235692,-0.07687330245276636,0.9901934586471347
0.05261312090172127,-0.10547894623329664,0.9930287263772857
0.014809517275416944,-0.1157889784664397,0.9931634259595786
0.07708034336215806,-0.11351875640566736,0.9905413230205404
0.039693203133793424,-0.13495852568336594,0.9900558802261373
0.022053481730474778,-0.12946299871808023,0.991338981331051
0.016934176610207834,-0.1340873611490553,0.9908248146078181
0.01566705188855351,-0.13195988676127934,0.9911312384195504
-0.023702639940510774,-0.12535402907953724,0.9918288926288531
-0.01657135577071861,-0.13899428030685496,0.9901545234002114
-0.03943965185931758,-0.1401011833564823,0.9893513896909071
-0.06557766604364777,-0.15237687406715408,0.9861444407214344
-0.054524748755854086,-0.15323089430773007,0.9866850281638838
-0.09906335899473113,-0.13205674849880003,0.9862796084684128
-0.08648111685394437,-0.14890751250022427,0.9850622158770937
-0.1113374046207118,-0.15240084146195548,0.9820274771379932
-0.13921291276218306,-0.15032699830407095,0.9787857572018285
-0.15963237877832304,-0.16334680596451975,0.9735683461507793
-0.11400866657993912,-0.12431654277987333,0.9856710511808309
-0.13366574954990873,-0.16533161487620068,0.9771381297031084
-0.22402130176807344,-0.16671951634707877,0.9602182352065253
-0.21953380139075118,-0.1811494048745424,0.9586395585205763
-0.15787669373611032,-0.16846072646531995,0.9729830076695744
-0.20244255791117235,-0.1580612830008167,0.9664541590590406
-0.2148180235136703,-0.17453601781401437,0.9609320450787903
-0.14988012945519658,-0.1849847100489226,0.9712448732645179
-0.14497012119966998,-0.14043853338642934,0.9794185429629264
-0.10965042404990824,-0.1382533448779232,0.9843082835858598
-0.16928978081606005,-0.1494879383736975,0.974163398199723
-0.08933777538619232,-0.1707135765708985,0.9812622670129624
-0.09917292401236491,-0.1722502928468879,0.9800482476679396
-0.1412797430025965,-0.17492714999353592,0.9743923883181043
-0.12542343439247866,-0.18010026627630424,0.9756192168015142
-0.1309631704186074,-0.1616352868653016,0.9781220179680439
-0.14753074774571923,-0.20952776373482773,0.9666089150705528
-0.1321636526183293,-0.16825463782040243,0.9768434602220085
-0.1335100580289391,-0.15725570542686093,0.9784915469822975
-0.08208550392691434,-0.17940561958776663,0.9803446300691375
-0.09149096911555754,-0.18295180530296543,0.9788554742691497
-0.016539247173621915,-0.1842710011841366,0.9827363081852252
0.026181306907949,-0.19769503651552076,0.9799138797392956
0.02855947162221881,-0.1860720009258683,0.9821209533718865
0.02342897751545813,-0.19743757195442316,0.9800354525185924
0.10412204291282015,-0.2250424630244155,0.9687695752941281
0.049689402583621034,-0.2238852337966511,0.9733480186237098
0.17417108017820432,-0.21773668117999184,0.9603411750509712
0.20721013134439256,-0.23570907689970313,0.9494762727605832
0.1886700419208886,-0.25728223895930813,0.94773913330497
0.23168334266550683,-0.23669673474295536,0.9435557664989178
0.20988464164537088,-0.25348535216481605,0.9442952999137894
0.16944042217962,-0.24312012586811835,0.9550824821602909
0.17092279306871128,-0.2550911736714133,0.9516900188215338
0.25995632382596895,-0.21847363753434196,0.9405806607651472
0.30257070986051793,-0.22458101725263052,0.9262906305389664
0.2729068851504375,-0.22246302467620827,0.935965829872757
0.27176531149779243,-0.21467241325882624,0.938114795988284
0.2962899204474025,-0.21694684621259877,0.9301324362474835
0.29234218438436,-0.21467118830152154,0.9319078968130883
0.303794564478619,-0.21632099307478053,0.9278545632524458
0.27343941606492544,-0.2052309584873579,0.9397399318005131
0.24699827194582472,-0.20807384688407085,0.9464127682457801
0.2475210743837844,-0.23243860861718318,0.9405879070879047
0.29801239821010833,-0.21109969163464465,0.9309272424334878
0.24430355423741906,-0.23506454681224578,0.9407765049250103
0.21500007182921496,-0.25017933771556533,0.9440260950279041
0.23477616096097115,-0.2381180224564755,0.9424330011336857
0.2321447107167226,-0.238239702018364,0.9430539102662426
0.2638042676258768,-0.2331362626692611,0.93597798660598
0.2483437741970036,-0.2598962286719275,0.9331555712418464
0.24779766362819536,-0.2378739439411104,0.9391551015110918
0.26383572551659795,-0.2312485559506922,0.9364372991887123
0.23760947813111424,-0.26451867408801105,0.9346505266467142
0.259371156974659,-0.26244902294814476,0.9294337594918699
0.17780651799598818,-0.2549258475171313,0.9504723322779126
0.24161620710746462,-0.24454504750370362,0.9390523564766845
0.22856163211145203,-0.2777862849563165,0.9330564614302381
0.24037872740696659,-0.2788990292272252,0.9297491053538683
0.23051092288354075,-0.24290907296944556,0.9422631780455516
0.21594350278753421,-0.26498602509077884,0.9397610388340428
0.23862464789561688,-0.25403029038697134,0.9372976522869371
0.19085987887023811,-0.2866744707656472,0.9388238676391191
0.2407120369591239,-0.24492186682669087,0.9391863470116663
0.21154102451469398,-0.2760549276127287,0.9375735021255692
0.215240760065527,-0.2727868363078597,0.9376879849627824
0.2742718385381317,-0.2649616132251985,0.9244297172322044
0.1338727207602674,-0.2759277423032602,0.9518098421762978
0.22122354696655713,-0.24346374514536312,0.9443439770906199
0.16524652330558753,-0.2695015774490904,0.948716230644268
0.19650637355712974,-0.270984774047168,0.9423123141432628
0.23158977230262834,-0.25648068571214017,0.9383942855865263
0.14700338329451174,-0.2858314285613933,0.9469373789995408
0.21664516289257835,-0.2664948656291553,0.9391726997674851
0.2332377013735902,-0.26394227777896917,0.9359138040753611
0.20837463389308017,-0.28602932039526313,0.9352899228710575
0.18145552098455636,-0.272266203958993,0.9449576752881492
0.23299498247500394,-0.26612617031535507,0.935355654077504
0.1361011671201396,-0.2981653702841949,0.9447612842786398
0.19373240145706877,-0.2765843903948993,0.9412591734562585
0.2212449004699033,-0.27223345786899456,0.9364505531167958
0.21871164207925864,-0.279071673796042,0.9350316671127613
0.2389524304609664,-0.28079169169500284,0.9295470734996994
0.18699268544841086,-0.26412529468359475,0.9461879117263631
0.17518824088796214,-0.2859523945188893,0.9420935772647507
0.1951137002474164,-0.2789404235826919,0.9402780886882719
0.14004437858239127,-0.26233548865987294,0.954760526738018
0.1365823348068298,-0.29993511439425585,0.9441314489900332
0.1472767014307808,-0.27954684547592373,0.9487692735328904
0.1913312955058975,-0.2730473004603456,0.9427817918645611
0.21334871479077636,-0.28745770303596585,0.9337292942081288
0.18572838596644503,-0.26928600173269623,0.9449814897219508
0.18453528334580796,-0.2897182713465819,0.9391539024294318
0.18692222301230388,-0.2733485694599503,0.9435786358954601
0.19320269223287861,-0.2784065769963964,0.9408307486467038
0.17348783521901948,-0.26733270063400527,0.9478582162975366
0.18944455484530784,-0.24650518105221236,0.9504451358989003
0.20076680252905427,-0.26550960191631473,0.942972609513394
0.2142427072800702,-0.26427711277094257,0.9403497594208022
0.22822041695535022,-0.2503776825989108,0.9408647391315742
0.19268201683054567,-0.24914453431437095,0.9491051793196519
0.2257195409015393,-0.27150312591425974,0.9355943252681602
0.18375194332415223,-0.26017503808569337,0.9479156992484646
0.22758104528252998,-0.2696623884048275,0.9356757259370978
0.22277648549543236,-0.2693313605059107,0.9369264943197725
0.21709951094121627,-0.2730930464541509,0.9371702034995968
0.23098912656787995,-0.2730498915783888,0.93385640229986
0.17820964850393467,-0.24648971010131776,0.9526196218818256
0.23178832828952486,-0.25908548353790045,0.9376293953842743
0.22036845225621932,-0.24921423056386893,0.9430429537060638
0.19019050197094334,-0.25712663136277286,0.9474774236909677
0.20072271504319344,-0.24945695210905133,0.9473550658069821
0.16690529433730272,-0.24925458197319883,0.9539469461597664
0.17705966287319092,-0.282732316615797,0.9427153933846082
0.20932864327813927,-0.26724753195962303,0.9406169654885158
0.16538572720122457,-0.2618363107185763,0.9508361097620385
0.15685998327439205,-0.2714572294915162,0.949581970239509
0.17101992790965148,-0.2610207898210801,0.9500633302780174
0.13793713872621166,-0.2588644620659226,0.9560138785809265
0.20972951351208038,-0.23515905358826858,0.9490594031342063
0.14707931388627016,-0.2573159876261013,0.9550686666092382
0.2032189636893034,-0.2686716607952749,0.9415506313961849
0.10487227058417284,-0.2796952248679071,0.9543439568879822
0.13231630619046963,-0.256182410297634,0.9575296171765156
0.13556262422550575,-0.2583878854685878,0.9564823446128874
0.11468357084471731,-0.2722040379297747,0.9553808875590041
0.11740978921598373,-0.2687278207739294,0.9560336289787892
0.19157314883668747,-0.25067744919046514,0.9489259955929957
0.1060985080919977,-0.26611510109042535,0.9580844741212985
0.1675692731939939,-0.27423698729388707,0.9469501642014795
0.07121175355093229,-0.2783403922455121,0.9578389803097469
0.14232176951215206,-0.2810057412378004,0.949094456476448
0.16638564738608194,-0.2679737011642339,0.9489498995354055
0.16854547228764855,-0.27065154616560116,0.9478080841233119
0.10830462267908747,-0.2808736404389233,0.9536142337512202
0.1449061288520915,-0.27368449126180155,0.9508412133810092
0.10715829535313431,-0.28762330765845784,0.9517299683358817
0.11083254546651858,-0.26062111838110835,0.959058277436357
0.14247369893053263,-0.2628480523570962,0.9542599994158475
0.168666079206917,-0.275145921260429,0.9464916670202205
0.14391425411855868,-0.2833911682922683,0.9481445739946215
0.1922056983456161,-0.2851693775505604,0.9390076653738776
0.151901426331555,-0.27939194991068095,0.9480854892906793
0.18033742421558477,-0.27614587238967647,0.9440454812080998
0.12015357468397347,-0.2769616861001832,0.9533390493015622
0.15914365703201727,-0.26101159740736773,0.9521272196746241
0.12462790382369189,-0.2938561404554818,0.9476900623648645
0.10312288543268536,-0.27532166275195624,0.9558052377548134
0.1504016343910704,-0.2786955063901469,0.948529474023045
0.1553860878537598,-0.2654533273492359,0.9515196764653493
0.08186679536036917,-0.29209971495591974,0.952877528510403
0.11897548104696092,-0.28207920603948866,0.9519853761638232
0.14302988890026702,-0.29957429958985626,0.9432908829764148
0.12122986375273591,-0.2936858074144675,0.9481835089568925
0.22987528140294528,-0.2434648149754008,0.9422750335591571
0.16835899283623196,-0.2664699399218207,0.9490253003209297
0.17066590876713178,-0.27960744817947486,0.9448242283659175
0.2015405743441902,-0.2611275346822901,0.9440306178952902
0.2015405743441902,-0.2611275346822901,0.9440306178952902
0.12169146426123492,-0.28642097665282207,0.9503442595497698
0.16248027360397388,-0.27022770367126336,0.9489874334563834
0.14414055587393326,-0.2677025285340595,0.9526588352441941
0.15894145901153922,-0.2598039819996854,0.9524912091690875
0.11312733087349078,-0.31447325955702127,0.9425013400696161
0.15569995282814764,-0.2836594795996825,0.946200203087354
0.21300139508706092,-0.24818959553255998,0.9450038784895807
0.10264633600375189,-0.2666886618412135,0.958301042131515
0.10170543106751356,-0.2591712174855059,0.9604614960103564
0.14499397585981558,-0.26303690577339645,0.9538282513982905
0.17907498577835032,-0.27086652341187595,0.9458136581606587
0.19263878137595228,-0.26245387422911415,0.9455201022781675
0.12665289078864855,-0.2810445223152432,0.9513006999532143
0.12665289078864855,-0.2810445223152432,0.9513006999532143
0.16505912008528095,-0.2775849163592881,0.9464153956305232
0.17223085595797905,-0.27240903099819896,0.9466413534631816
0.13522484709506313,-0.2722718163305013,0.9526711388302925
0.13853447594838447,-0.2650619757333525,0.9542276185449875
0.155392276626826,-0.2865527362467107,0.9453786382789994
0.12131576256392171,-0.24645365541717534,0.9615316331172087
0.1749688422614013,-0.24963986082306716,0.9524000441652366
0.14177388386871514,-0.25629541552634216,0.9561447724235905
0.1010601666731073,-0.28250680318277255,0.9539270144342564
0.12905684069026013,-0.265301799706146,0.9554890302581861
0.11483395460953696,-0.27861995411875257,0.9535114493468859
0.1918142570138639,-0.2664592913630343,0.9445669573156416
0.10654630538588572,-0.2833637588109876,0.9530754770746785
0.11226578861963044,-0.2841790888394937,0.9521757391217063
0.16314876220338875,-0.2716281766384359,0.9484727803408913
0.12669153725849025,-0.27437712933319536,0.9532399725598772
0.16271480110266878,-0.2542111335131309,0.9533627814741291
0.19830334899537322,-0.25645203285042867,0.9459958438725309
0.19360859988052434,-0.2821663392106979,0.9396264508136924
0.17056407178075325,-0.25632164886440617,0.9514237277580385
0.11831541388764145,-0.2594195233313599,0.9584899445226988
0.13733480536690534,-0.26574563832366754,0.9542108818006535
0.14143364192634494,-0.2622318792955731,0.9545841850840409
0.14923291404011238,-0.26941471751924606,0.9513912167721128
0.08845382857327819,-0.2930614384110854,0.951993126827686
0.14923291404011238,-0.26941471751924606,0.9513912167721128
0.14923291404011238,-0.26941471751924606,0.9513912167721128
0.11845068588932683,-0.2709483935035969,0.9552781809871761
0.11845068588932683,-0.2709483935035969,0.9552781809871761
0.11463963494504065,-0.2640680312366871,0.9576668674327455
0.19704359118425893,-0.2629535747715465,0.9444729962725643
0.11609133255058536,-0.2744616378927007,0.9545646189922846
0.13137167457862478,-0.28263429842931026,0.9501891056362305
0.14748808263685542,-0.26666614380630677,0.9524371019797466
0.08537801111090573,-0.27985985506574595,0.9562369250041152
0.20533269225466574,-0.26294011301665693,0.9427093838815006
0.1551349825824348,-0.26774287227985233,0.9509189721119683
0.1784782984272002,-0.2754104161870994,0.9446134657340959
0.04925552988368202,-0.28024023989290736,0.9586653747375272
0.13713155302187713,-0.2548033999200384,0.9572200188854164
0.08878990910335233,-0.2682447266273068,0.9592502899025155
0.13721367112303784,-0.23980650113120408,0.9610750493443
0.10155658230542888,-0.2587989422800892,0.9605776220926384
0.13928662315713133,-0.2665937003063491,0.9536912684755229
0.185431214785338,-0.24619694329639502,0.9513161039816079
0.10859661900419926,-0.28194571615147296,0.9532645946874823
0.11978487325329763,-0.28317043940952874,0.951559817554475
0.13388928658891014,-0.2507077693928347,0.9587592363585249
0.10654150996796899,-0.2800373722855506,0.9540586862332678
0.06340576342978628,-0.290091070004631,0.9548962667575228
0.09332264953766148,-0.27079853850954877,0.9581017871940137
0.05540174756891995,-0.29012881040238436,0.9553826038508378
0.024848490506945372,-0.2825067184368177,0.958943432407557
-0.057053923817802575,-0.2946837861739156,0.953890096364984
-0.052886041082140976,-0.27141177249322845,0.9610092176512888
-0.10655854630252865,-0.2407913779154333,0.9647096913224614
-0.09616533987961329,-0.21161772029239526,0.9726099772591725
-0.12948445726317462,-0.22225427727596972,0.9663523226855708
-0.20811098569122571,-0.22577042639238418,0.9516919313523823
-0.25879122004656163,-0.21437796382432728,0.9418435077301045
-0.2454833716593725,-0.22080991090868335,0.9439178446682983
-0.2863883552441821,-0.21890307606889267,0.9327717583997217
-0.3283552661421933,-0.17620224247557853,0.9279739160899226
-0.36405751895558464,-0.18515926855615103,0.9127859377530174
-0.34418960589271613,-0.18267827241427156,0.920957199864985
-0.35955529692511834,-0.19651981452351863,0.9121951276742996
-0.3509324264113783,-0.20130643635902226,0.9145065066873246
-0.3819413450459397,-0.19554016088999296,0.9032634468545786
-0.44286195613878804,-0.1718108056940043,0.8799740535105017
-0.4151358916386954,-0.16618952630305547,0.8944513585547911
-0.39021367297380294,-0.22724014232720907,0.8922416752984607
-0.45265541111633495,-0.1733797157386759,0.8746671097951939
-0.4409856151398877,-0.18060777510044684,0.8791544339949389
-0.45353232928866033,-0.18986206570609032,0.8707817305707661
-0.43765210967263574,-0.17586023403706041,0.8817787755347265
-0.45000881290698547,-0.19087697186940406,0.8723864108960045
-0.448347751341771,-0.15323278947560867,0.8806270527847195
-0.48854539523508417,-0.17527549971169512,0.8547525349452969
-0.4490087444747817,-0.1565879759305427,0.8796995812089239
-0.4681775533200958,-0.15994474219689805,0.8690382373697815
-0.48301122299809307,-0.15837510515458725,0.8611721573095358
-0.45446224475934194,-0.1673831159560576,0.8748982572740335
-0.47702319820332784,-0.1410194992795021,0.8675035269085809
-0.46228204888023605,-0.16331401595323464,0.8715640191496651
-0.4843050411544071,-0.13655081586260182,0.8641773555235556
-0.4778259235944087,-0.15864247228691147,0.8640109679441846
-0.49824312580324404,-0.17385434114528558,0.8494283110744257
-0.5078614807179732,-0.17970777081508416,0.8424855093778295
-0.5133221578659474,-0.17082420999646084,0.8410228602855766
-0.508964714656575,-0.14253093061484284,0.8489050907213468
-0.5192612782204411,-0.14416122304014006,0.8423688424392515
-0.5062023597127173,-0.1582686320231432,0.8477677813757726
-0.52128822705403,-0.1630858207695642,0.8376524335300314
-0.5434775042576179,-0.16748216100039875,0.8225460036451137
-0.546854195149381,-0.16839604150047263,0.8201178344936133
-0.5349686319436422,-0.17614764910748562,0.8263053724563663
-0.5733274247426666,-0.16134660241643173,0.8032826015336171
-0.550205064218525,-0.16802456378933348,0.8179499576818211
-0.570259624441668,-0.16723653877901895,0.8042610899632416
-0.5421314958775852,-0.1871510328489399,0.819187360791844
-0.5358927932625809,-0.1960314521793638,0.821212873672642
-0.5471428372120232,-0.1830564655955772,0.8167772316190216
-0.5517830609477226,-0.19558203392830084,0.8107299930652812
-0.5551804717291892,-0.18922389466289474,0.8099191079973115
-0.5601823862873104,-0.18775935518310363,0.806809840442393
-0.5513300946559843,-0.17202294386822128,0.8163597451549985
-0.565183665504255,-0.16845810574059455,0.8075823740383795
-0.5570957918475,-0.17360187135397812,0.8121001594435281
-0.5483278544721687,-0.1759161471514164,0.8175512663933372
-0.5477743883225077,-0.19232197518176525,0.8142207792485322
-0.5372552931043503,-0.18720626946071003,0.8223810325548387
-0.5348011331336608,-0.1914974504016675,0.8229923902981201
-0.5429937104376846,-0.17991805708240236,0.8202361386581362
-0.5473925085230009,-0.1891405233131339,0.8152222421240297
-0.5183985904123644,-0.18537519545943126,0.8348047306806852
-0.5016736946895047,-0.18178703842608987,0.8457404901722827
-0.5009150848869618,-0.21098496588741975,0.8393863364995717
-0.5027508120336868,-0.20868104280463481,0.838864615640354
-0.5057793748040664,-0.18132595123923603,0.8433908485571763
-0.511875122505364,-0.20553637199305175,0.8341095004542584
-0.5044713588007802,-0.21584916520023134,0.8360130298219386
-0.4916968245802739,-0.20137690225254856,0.8471608914113321
-0.4942539387091549,-0.2163572416136814,0.8419635313193833
-0.5096799468416214,-0.2260214980113893,0.8301449477194989
-0.4974186976677684,-0.22356368574565771,0.8382087553982707
-0.5083333648299787,-0.20560673439630778,0.836255380234721
-0.47960165183667186,-0.21485033715094698,0.8507770496326639
-0.4952774129155928,-0.2103320833079706,0.8428883075395971
-0.4884261327378551,-0.21189876241376784,0.8464861648876825
-0.5106726088134128,-0.2053639784174861,0.834888688973713
-0.4858024219963907,-0.21990762663474533,0.8459530971220061
-0.49274253301929927,-0.19959105615746545,0.8469759184626634
-0.501841146216159,-0.20086856168308298,0.8413128341418674
-0.49157941245019426,-0.20862913744345232,0.8454723911901103
-0.4717097875844284,-0.2243028119033236,0.8527473980431226
-0.4885856881768344,-0.21166008132449152,0.8464537998511665
-0.500147435420671,-0.21036971496587248,0.839998289204986
-0.47614989389452733,-0.21945510092843237,0.8515402146820324
-0.46978649786531645,-0.21792754159968256,0.8554579083951236
-0.49872936222599795,-0.21564682479117847,0.8395031091134398
-0.4709632776467966,-0.21222068596320895,0.8562452753490039
-0.454182156345161,-0.22859051531849872,0.8610835877916168
-0.4792180504172943,-0.2071016524971392,0.8529120503822195
-0.4425482240908233,-0.24029528453325377,0.8639497934400708
-0.4947594785021655,-0.22025025962188677,0.8406562207994162
-0.49069307609649876,-0.22263120497870958,0.8424106193779156
-0.453130502739461,-0.2192794221503306,0.8640539812468319
-0.4920002122221582,-0.203743690050422,0.8464185134659974
-0.46941744174414685,-0.22475088256454254,0.8538936152547574
-0.48170195353151957,-0.21879199301734992,0.8485831083373117
-0.47669348269997075,-0.2093738379853788,0.8537715850967664
-0.49655018879674373,-0.20439591945338104,0.843599560287181
-0.49381717941377873,-0.21083092931335523,0.8436201233734807
-0.47162362277972436,-0.21300584474242143,0.85568666493156
-0.47738281725874865,-0.2218254971894298,0.8502347291088282
-0.4787492040446681,-0.22662596816919459,0.8481980135428119
-0.49512863342235475,-0.22385639594152212,0.8394855271899474
-0.4687284856334174,-0.22523464027951323,0.8541445800179039
-0.472732713285774,-0.22344375077820483,0.852406400743001
-0.461851431605512,-0.2162172148013067,0.8601996112225956
-0.4669857513525432,-0.20408526542899108,0.8603914879102879
-0.44947635293934607,-0.22197625108818414,0.8652731083890103
-0.4487651922659249,-0.2227228018682686,0.8654503773980778
-0.44083424751563144,-0.2208389578252071,0.8699973108717081
-0.4518664628003435,-0.21959743664924974,0.864634989815578
-0.4200632597290753,-0.2438642041726675,0.8741150426282658
-0.408181660313074,-0.23785583319857975,0.8813695790061463
-0.41118813921582137,-0.25153516218479843,0.8761588762050508
-0.3719102102565046,-0.2659351332780033,0.8893600510453419
-0.3869419280913417,-0.23843587340775527,0.8907436660213958
-0.3517058006607911,-0.2627124473148739,0.8984905118070984
-0.382889611778272,-0.24805994917383337,0.8898661735385605
-0.33119696235294344,-0.2783614572917145,0.901567230561657
-0.3192279787120995,-0.2651977308522667,0.9098151796701328
-0.32462776337664867,-0.2869063422477361,0.9012777407786678
-0.27785918743664617,-0.3030906110364381,0.9115538127058683
-0.32470623568471624,-0.29457796081125254,0.8987712086575458
-0.2913339372074351,-0.3344599158549211,0.8962483482369903
-0.2434011643275402,-0.3255497175564596,0.9136592661396847
-0.1918348703756398,-0.3582595958051319,0.9137009601185199
-0.22866485874156428,-0.3891175061241136,0.8923564023440695
-0.19036280441498837,-0.3886163041730083,0.9015205881321695
-0.1807433956669225,-0.36869442801556795,0.9118093241862926
-0.11492687545043606,-0.42195908986997105,0.8993010284522672
-0.12549856301403325,-0.41400340590401896,0.9015826587625146
-0.11709962301846794,-0.4528446900263605,0.8838661465424854
-0.13030066717597605,-0.4169783482618306,0.8995280947331946
-0.13237797361327436,-0.44209410860619847,0.8871464767656658
-0.09662406765181296,-0.4385307567291059,0.8935068913852963
-0.11562336424631563,-0.47596241704635084,0.8718319879424931
-0.053213781183649306,-0.4698316765303579,0.8811506620441318
-0.08799014932270877,-0.4448107230917051,0.891291845718787
-0.09314360960920012,-0.45337866815017197,0.8864378439887058
-0.045315659528551336,-0.46537901730202025,0.8839507120063304
-0.1004585930760751,-0.4827249549117781,0.8699912005202106
-0.08323170201397452,-0.48932539038249295,0.8681204675083279
-0.06628530482782274,-0.48617382420850624,0.8713445191302687
-0.030579056883951735,-0.48923840239995653,0.8716138519420318
-0.10828384792501211,-0.46543718967521214,0.878432029667517
-0.05119175224002493,-0.48774571552237606,0.8714835176250675
-0.07845795509403929,-0.49053302249485964,0.8678834617185185
-0.07586692322048626,-0.5066102684369211,0.858830743438617
-0.04701796701249144,-0.4890248128708171,0.8710017469412301
-0.14192255750321897,-0.515362347905891,0.8451388276683737
-0.1455509297570485,-0.5234699005847706,0.8395202141870255
-0.13702529303655187,-0.531341663843452,0.8360024553386904
-0.1183777349772523,-0.5112965904454592,0.8512123756504624
-0.11437329908145082,-0.5145978029650731,0.8497692920085691
-0.09749226613518591,-0.5399242313757715,0.8360484928621716
-0.09148747728549744,-0.5034386757141517,0.8591737550083317
-0.11373912980244594,-0.5587948255592382,0.8214692649637008
-0.08935496567843425,-0.525620653043791,0.8460133682173259
-0.14518839666936395,-0.5187609539835939,0.8425006837353968
-0.10788561261261345,-0.5193243071874667,0.8477399120930068
-0.11161492748961252,-0.5476245818177872,0.8292462995699059
-0.12882181847686125,-0.5288897710117085,0.8388566916962021
-0.10978203393780651,-0.5265774523359517,0.843008951148122
-0.10668404843615248,-0.5502100825458583,0.8281831795407055
-0.14893564365393183,-0.49757652505112143,0.8545383407240659
-0.12014488928491113,-0.5044226344763375,0.855057314691049
-0.08322036567318958,-0.5310330223492968,0.8432545878391602
-0.12118009373820138,-0.5033655385773502,0.8555340551108033
-0.1587943963530503,-0.45579971286282395,0.8758030380405388
-0.1842971125718247,-0.49039650630125003,0.8517897868049464
-0.061338017172049245,-0.47540856544418086,0.8776242610318538
-0.03900497818165144,-0.4772718108859946,0.8778896458044441
-0.0701624443443566,-0.46241551829763106,0.8838829785900159
-0.030493913172320267,-0.4897819009465036,0.871311546328102
-0.049708069939556364,-0.484922732764682,0.8731432019038555
-0.046066439941458835,-0.45111241397080665,0.8912774388890092
-0.02193611678666621,-0.4815091428697501,0.8761665093537645
-0.034818807668917796,-0.4851334845214536,0.8737466182072394
-0.05218459913240524,-0.48639585065053315,0.8721787913514834
-0.0946565150827625,-0.47247166331255436,0.8762480650586654
-0.06201294767529984,-0.4654764064107291,0.8828851054330763
-0.037276105721937534,-0.4820073111127952,0.8753738881049743
-0.06047285172626425,-0.4779802506431888,0.8762864338783111
-0.057065437302353375,-0.4836046558167319,0.8734243371568435
-0.04796973105693481,-0.4930867839174947,0.8686566228540639
-0.028015127921940476,-0.4813163138746368,0.8760991716727333
-0.04947448810704084,-0.49486015386791393,0.8675630830898527
-0.07673909687140125,-0.46834203917261386,0.8802084101819293
-0.04122781740430013,-0.49320405920050325,0.8689361444089112
-0.045354002972050445,-0.47272184896596925,0.8800437875041256
-0.054751448311716695,-0.47852149052787,0.876367195877821
-0.04665039368906701,-0.5065130921762592,0.8609693538231773
-0.09374155731111386,-0.4972746960804779,0.8625139981884093
-0.041566743321747264,-0.504637128296755,0.8623303164066705
-0.054839151722070135,-0.4883052602311525,0.8709481271975905
-0.05497553678568859,-0.4845614763567584,0.8730279869431931
-0.027915167249840896,-0.5061667674113463,0.8619837278079915
-0.15836909594768858,-0.4482990302268141,0.8797426947388707
-0.1307124292005467,-0.46157823083063987,0.8774165474139114
-0.06581926136649512,-0.46413160825245314,0.8833174259880535
-0.06776960059288514,-0.49503533445658815,0.8662258936760865
-0.1806544893249332,-0.4432216293408701,0.8780196710616294
-0.03818640324889146,-0.4653335326474911,0.8843113150925523
-0.20495818867952914,-0.43214568933267666,0.8782039877411125
-0.06526301786428104,-0.4923334689029637,0.8679565046113895
-0.08650318729309206,-0.47531868576789527,0.8755508811873911
-0.05767345953825171,-0.49597827131107786,0.8664175243219429
-0.1630637895572696,-0.46179674115270813,0.8718680923144058
-0.09502758396631722,-0.4380021995903338,0.8939372637045364
-0.1673041170938133,-0.4444810533255628,0.8800260937256678
-0.06944175718940011,-0.47141639134282304,0.8791725816537722
-0.1407329924074994,-0.47521203220969443,0.8685434642498688
-0.14703808856993453,-0.49865947564143903,0.8542356395414002
-0.17967748102835496,-0.42359933672871886,0.887851116310778
-0.13476934400071913,-0.4745337203707361,0.8698591679971671
-0.12592270282334042,-0.46709648364641126,0.8751938915913562
-0.12390729483141687,-0.46137438542890163,0.8785104773180931
-0.16748716184803578,-0.4281741441179334,0.8880399500726108
-0.1399423220748182,-0.461340999424217,0.8761167894422367
-0.14154307414105133,-0.4790421940637073,0.8663048738575412
-0.1291300458998756,-0.4751874419742289,0.8703575852693448
-0.0831698718107533,-0.4797905119713821,0.8734322166288704
-0.13107709686862057,-0.47781190822767833,0.8686279842558142
-0.1432594976134201,-0.49426264748662063,0.8574270532488855
-0.1326106128133096,-0.48316509000796315,0.8654281721592355
-0.167965255208138,-0.4563365389743422,0.8738104120687643
-0.115033499178679,-0.49842955868375943,0.8592643767182611
-0.13311183559578293,-0.44737972927428243,0.8843826191523616
-0.11910635344205588,-0.4541649888481613,0.8829200640342735
-0.1478722251728021,-0.46457742786351464,0.8730988595469387
-0.12967254619886373,-0.4625185377559882,0.8770756141829312
-0.1204741093625706,-0.480731266656687,0.8685524959563197
-0.16487298924505547,-0.4342539642713352,0.8855734819494256
-0.0863754269655002,-0.487360335241483,0.8689184019514358
-0.1671162622579364,-0.44410727366658165,0.8802504668362139
-0.20630157640226426,-0.44043357064853966,0.8737607964538799
-0.1426260739490086,-0.436277802497245,0.8884365380138678
-0.0970344787705381,-0.49435484733068047,0.8638272945736257
-0.10257286499363563,-0.4964069594907056,0.8620086646526184
-0.17581269061763713,-0.4695783552586765,0.8652086835500111
-0.10855089500800348,-0.4699936125329493,0.875969581304733
-0.16697853338009233,-0.46988752283885393,0.8667894122972424
-0.15571653970703242,-0.4789326184629675,0.8639304984973466
-0.17108565152504213,-0.4644183405291057,0.8689334294538584
-0.15742194328229983,-0.49160123257963806,0.8564733270215746
-0.11425954868005084,-0.5071499451285926,0.8542503665152837
-0.13684222657365874,-0.4744768979643194,0.8695664887313219
-0.12256453951262282,-0.48632235495252574,0.8651407404159673
-0.14953700401445388,-0.4563053154537401,0.8771682526853352
-0.14287882653736128,-0.4850465080546664,0.8627372287963937
-0.10247597658367079,-0.5029187190840412,0.8582374008501904
-0.148620404403731,-0.4799891338886579,0.8645937813468748
-0.1710419053080836,-0.48303259032763723,0.8587340585477866
-0.11470123652702559,-0.4953993292494132,0.861059307433816
-0.11387888562483871,-0.5012730617514368,0.857762739323168
-0.14947948372448197,-0.4793901563091589,0.8647779842129091
-0.1236549865118881,-0.5027951147256468,0.8555153516558125
-0.17933214769295797,-0.45580074558511535,0.8718289173501209
-0.1082923058040103,-0.4984321112305165,0.8601384812912051
-0.13652269751767238,-0.5005410566593805,0.8548802276698233
-0.13112275460898584,-0.5300788101693523,0.8377489350832953
-0.1293391429037853,-0.45386543269335394,0.8816334584843005
-0.13915151891756156,-0.47746888877066235,0.8675599777762022
-0.12439577529519827,-0.5080970226292758,0.8522693862177451
-0.16192291698049185,-0.43668214108117853,0.8849235428088047
-0.14636101191412307,-0.4615540145181453,0.8749550536305609
-0.1544691816730681,-0.473207470043097,0.8673026935324623
-0.13914845684004398,-0.4596614581999162,0.8771254475869236
-0.12211609660944045,-0.4956914009554531,0.8598707425931493
-0.18494163469452385,-0.4457216457927366,0.8758588963002725
-0.14514065270146298,-0.4659211761191139,0.8728411359332092
-0.11582968546028669,-0.49941849192292553,0.8585829336130563
-0.11563217785374888,-0.47619641517185407,0.8717030306373118
-0.11265390058673957,-0.48465997220097073,0.8674178981487224
-0.1399344505771462,-0.49976574885517977,0.8547821627835327
-0.113505955510009,-0.46920006948448184,0.875766916970216
-0.15012495131243367,-0.4686984315794999,0.8705080581065038
-0.12793777145070115,-0.4630829806600527,0.877032541961374
-0.08909196714103065,-0.47694367866226184,0.8744068554025927
-0.06856310428801646,-0.474849384667678,0.8773922512828103
-0.05711793820034129,-0.5053078306091642,0.8610467684515182
-0.0833539087363841,-0.4926901078089677,0.8662035462670158
-0.05906798327644268,-0.4649390462435286,0.883370056448492
-0.06143832607403242,-0.4777494848042582,0.8763451157269531
-0.10107019451803215,-0.4614886960851685,0.8813699559014354
-0.07305949950734124,-0.4787069618790052,0.8749296852777996
-0.12135255289425215,-0.49114609694640954,0.8625827898586639
-0.15017926351010458,-0.4446986982612675,0.8830001452866792
-0.1980416320332866,-0.41224534904692683,0.8892880771554118
-0.15174129762441896,-0.4814483707510492,0.8632392744172486
-0.1285788006143533,-0.4683414509581469,0.8741417375614735
-0.14921572798394306,-0.4622312030773807,0.8741149703693784
-0.16505777619376988,-0.47940708090423784,0.8619308448459452
-0.16174928507120367,-0.43450226568676836,0.8860276236619372
-0.13715154305668897,-0.5011427111905578,0.854426964261865
-0.17380577333241098,-0.44923647973867853,0.8763436189237201
-0.13126441441810693,-0.4533553937348399,0.881611331868528
-0.15730013786216623,-0.4609999873159134,0.8733473984178755
-0.1483816880709885,-0.4867020795218521,0.8608739515366397
-0.16287444811376217,-0.4554107834326307,0.8752559239930428
-0.1096946939574038,-0.44535577566284884,0.8886086355653617
-0.07832664745715559,-0.4562092186872937,0.8864186849806651
-0.0643445435462723,-0.4449716634534568,0.8932300926632988
-0.11537936383932991,-0.4513876206389213,0.8848371705200708
-0.10846713565472921,-0.48279329229238493,0.8689910916691485
-0.11275152142806444,-0.5037596663387592,0.8564539059318479
-0.09638478522834423,-0.5108077476147321,0.8542747907747542
1,1,1
1,1,1
1,1,1
-0.05130150818370391,-0.4574454253607144,0.8877566322335375
-0.1418349395942371,-0.49416590375125125,0.8577195984003212
-0.14075192670893863,-0.42762688318817943,0.8929300890341219
-0.07082644378931174,-0.46163624646793344,0.8842372932686999
-0.1331944926265635,-0.48732331124843237,0.8630036022218076
-0.12070688754232596,-0.47878837430410665,0.8695927437203435
-0.06600855928360441,-0.4399237346607383,0.8956059277290717
-0.10157748577639569,-0.43342200248052826,0.8954481459856373
-0.07502798762269139,-0.43453799596639553,0.8975229975520393
-0.1148947565056974,-0.4036070451330801,0.9076896760713103
-0.13893167386380506,-0.3913551416723695,0.9096917846633555
-0.12178686483831302,-0.4230969122342712,0.8978624406949429
-0.19336228910356731,-0.36528705825554914,0.910591231137021
-0.08093083495624193,-0.39751007158710217,0.9140218503625077
-0.07034844148627195,-0.39782395985160685,0.9147607303270291
-0.13899582732901758,-0.34908117836217234,0.9267267617255903
-0.1507803395011262,-0.3627226165320109,0.9196181776564103
-0.20056091288821995,-0.3356096724673098,0.9204028835069069
-0.23332844054042945,-0.28386160765022994,0.930043239068592
-0.24872260662096657,-0.25162340072206363,0.9353195866465834
-0.2630772128616891,-0.2656123603375467,0.9274914846557044
-0.24306408780175534,-0.2238519563983866,0.9438273946213447
-0.2633560479188296,-0.22351824682800497,0.9384472203376758
-0.2861080462294294,-0.19722476658623275,0.9376804238800044
-0.31911028408799214,-0.18443072052172393,0.9295988037412262
-0.29521337392523544,-0.17828576660672218,0.938649694657774
-0.3105276977384781,-0.1881230247358758,0.9317629937390008
-0.32194783627251555,-0.17147764349708647,0.9310988177954752
-0.3256910669220817,-0.15371833378891583,0.9328965659623341
-0.3446489733241722,-0.1457174344638688,0.9273529611102033
-0.3341366213121185,-0.12130560912419609,0.9346858656752705
-0.2962912262856047,-0.13190687857302394,0.9459450748385416
-0.33907968135336114,-0.12034477208373173,0.9330284591187011
-0.3421350291043976,-0.11178662442790611,0.9329776912974647
-0.33347229523488725,-0.13040175049301536,0.9336978160942295
-0.3072168638362448,-0.12776942338332883,0.9430232091645009
-0.3517974209584513,-0.11018164306577181,0.929569029248667
-0.34229765014882546,-0.13348496675359214,0.9300613325761826
-0.30309913319199244,-0.11298187946752845,0.9462378191396958
-0.3188363635468415,-0.12405561514245696,0.9396560954050439
-0.2760793275673656,-0.11506832412821784,0.9542219268452569
-0.3674688016534209,-0.12708385732837899,0.9213123102498626
-0.34287181818859247,-0.12692550422032928,0.9307678726032952
-0.33777128226489583,-0.12592698787276924,0.9327662915234552
-0.3411006657943486,-0.10727659708130052,0.9338854680919435
-0.35778366113108,-0.1343112545443021,0.9240948753944999
-0.27607025357859405,-0.1303296422285244,0.9522601532384076
-0.33802112740008167,-0.13991717189636982,0.9306798066143368
-0.3808747106951382,-0.13697990109434663,0.9144238412514614
-0.3637904494835315,-0.13601803767984216,0.9214963929882174
-0.30772131399559915,-0.125274621921119,0.9431934382804741
-0.26335835199672303,-0.12337581051949618,0.9567762475167471
-0.28211486628526605,-0.13902423280653864,0.9492541624419668
-0.33456343553687395,-0.0968720277653252,0.9373809886265019
-0.2669873553835217,-0.1293344796901509,0.9549818555494083
-0.2426286835662322,-0.11704270393663663,0.9630328796910924
-0.26576412915402353,-0.09925585489754997,0.9589148569730057
-0.27123910007843793,-0.10647156082344372,0.9566050163596566
-0.23857422508662415,-0.1242445906833913,0.9631436138033794
-0.24853975157922623,-0.12349878473100827,0.9607164212476544
-0.24203218336383442,-0.1307805340591488,0.9614139972599416
-0.2588875588273114,-0.10085687412868387,0.9606274630809939
-0.24090197937713925,-0.14306488794495678,0.9599472246792911
-0.265248051407786,-0.14775482276974974,0.9527916790005317
-0.25324651165135437,-0.15087580090264763,0.955564072701776
-0.2803901365730935,-0.1455098291574525,0.9487930548497343
-0.27675042139328987,-0.1349154145304566,0.9514236885745023
-0.3003932242285591,-0.14631172507328233,0.9425268112598447
